,title,distributor,id,rating score
0,Slappy and the Stinkers,TriStar Pictures,tt0120213,3.3/10
1,Sky Racket,Sam Katzman,tt0140551,no_data
2,Sitting on the Moon,Republic Pictures,tt0028260,no_data
3,Sita,no_data,tt9665402,no_data
4,Sing Sing Nights,no_data,tt0027003,no_data
5,Sinful Davey,The Mirisch Company,tt0064988,4.2/10
6,Silver Stallion,no_data,tt0103156,no_data
7,Silver Blaze,no_data,tt0029565,no_data
8,Shottas,Triumph Films,tt0281190,19%
9,Shivaay,no_data,no_data,no_data
10,Shakuntala Devi,Sony Pictures,tt10964468,no_data
11,Shadow Puppets,no_data,tt0491145,no_data
12,Shadow Company,no_data,tt0762133,7.5/10
13,Shadaa,no_data,tt8983218,no_data
14,Sex Ed,MarVista Entertainment,tt2751310,5.2/10
15,Selfie Dad,no_data,tt6559576,no_data
16,Selah and the Spades,no_data,tt8759834,86%
17,Section 375,no_data,tt8144834,7/10
18,Secret Valley,20th Century Studios,tt0029532,no_data
19,Say Yes,no_data,tt2277668,no_data
20,Sawan Ko Aane Do,no_data,tt0388389,no_data
21,Savyasachi,no_data,no_data,no_data
22,Sand Castles,MarVista Entertainment,tt2233170,no_data
23,San Fernando Valley,Republic Pictures,tt0037245,no_data
24,Salome Where She Danced,Universal Pictures,tt0038046,no_data
25,Sakka Podu Podu Raja,no_data,tt0187476,no_data
26,Saints and Soldiers: Airborne Creed,Netflix,tt2082415,no_data
27,Rustum,no_data,tt0246206,no_data
28,Rupture,no_data,tt0411819,no_data
29,Room 6,Starz Distribution,tt0451187,33%
30,Romola,Metro-Goldwyn-Mayer,tt0015289,no_data
31,Roman Holiday,Netflix,tt0046250,97%
32,Rolling Home,Universal Pictures,tt0017334,no_data
33,Rodeo & Juliet,Netflix,tt4693860,no_data
34,Robert,no_data,tt4141368,no_data
35,Riders of the Whistling Pines,Columbia Pictures,tt0041809,no_data
36,Riders of the Rockies,no_data,no_data,no_data
37,Ride,Miramax,tt0120707,no_data
38,Return of the Tiger,no_data,tt0079803,no_data
39,Relentless,CineTel Films,tt0098184,33%
40,Reg'lar Fellers,no_data,tt0034089,no_data
41,Redwood Highway,no_data,tt2515164,6.4/10
42,Redeemer,Warner Bros.,tt0328316,no_data
43,Red Nights,Netflix,tt1401668,no_data
44,Recoil,Eros Films,tt0046231,no_data
45,Reaching for the Moon,United Artists Corporation,tt0021287,no_data
46,Rangasthalam,Konidela production company,tt7392212,100%
47,Rampage: Capital Punishment,no_data,tt3448226,no_data
48,Rampage,Warner Bros.,tt0057447,no_data
49,Rammstein: Paris,no_data,tt5722116,no_data
50,Raising Victor Vargas,no_data,tt0316188,8/10
51,Rain Fall,Netflix,tt1206086,no_data
52,Radioactive,Amazon Studios,tt6017756,63%
53,Race 3,no_data,tt7431594,7%
54,Raazi,no_data,tt7098658,100%
55,Queen of the Yukon,Monogram Pictures,tt0032959,no_data
56,Prescription Thugs,Netflix,tt4505666,69%
57,Prema Pipasi,no_data,no_data,no_data
58,Prayer Never Fails,no_data,tt4575782,no_data
59,Powder Blue,Netflix,tt1032819,3.7/10
60,Possessed,Warner Bros.,tt0039725,6.8/10
61,Posse,Gramercy Pictures,tt0107863,5.1/10
62,Porky's II: The Next Day,20th Century Studios,tt0086129,3.6/10
63,Pollyanna,United Artists Corporation,tt0011588,no_data
64,Pit Stop,no_data,tt0064819,no_data
65,Piranha,New World Pictures,tt0078087,69%
66,Photograph,Cirko Film,tt7778680,6.5/10
67,Petunia,no_data,tt1826813,5.3/10
68,Petromax,no_data,tt10987184,no_data
69,Perfume: The Story of a Murderer,DreamWorks,tt0396171,6.2/10
70,Pearl,no_data,no_data,no_data
71,Paterson,Amazon Studios,tt5247022,8.5/10
72,Past Midnight,Netflix,tt0105108,no_data
73,Pass Over,no_data,tt7768846,7.5/10
74,Party Girl,Metro-Goldwyn-Mayer,tt0052050,83%
75,Paris By Night,no_data,tt0251318,no_data
76,Pari,no_data,tt0114092,no_data
77,"Paradise, Hawaiian Style",Paramount Pictures,tt0059563,no_data
78,Paradise Canyon,Netflix,tt0026846,no_data
79,Paper Planes,Roadshow Home Video,tt3328716,85%
80,Pantani: The Accidental Death of a Cyclist,Netflix,tt2966760,6.3/10
81,Pancho Villa,Netflix,tt0069057,no_data
82,Pagalpanti,no_data,tt8423008,no_data
83,Padmaavat,Paramount Pictures,tt5935704,6/10
84,Our Town,United Artists Corporation,tt0032881,86%
85,Only When I Laugh,Columbia Pictures,tt0082853,57%
86,One Small Hitch,Freestyle Releasing,tt1937269,5.2/10
87,One Rainy Afternoon,United Artists Corporation,tt0028062,no_data
88,One Great Love,no_data,tt9395384,no_data
89,One Exciting Night,United Artists Corporation,tt0013458,no_data
90,Omega Doom,Netflix,tt0117238,no_data
91,Old Gringo,Columbia Pictures,tt0098022,5.2/10
92,Oklahoma Crude,Columbia Pictures,tt0070472,no_data
93,Odeya,no_data,tt11355040,no_data
94,Oddball,Roadshow Home Video,tt3401748,87%
95,Odd Thomas,Eagle Pictures,tt1767354,38%
96,Nurse Edith Cavell,RKO Pictures,tt0031737,no_data
97,Notebook,no_data,tt0924260,no_data
98,Not Wanted,no_data,tt0041700,no_data
99,Northern Borders,Screen Media Films,tt2316810,40%
100,No Turning Back,no_data,tt0253335,5.4/10
101,Ninja III: The Domination,no_data,tt0087805,40%
102,Nine Lives,Netflix,tt0318497,no_data
103,Night of the Running Man,Trimark Pictures,tt0110668,no_data
104,Night Falls on Manhattan,Paramount Pictures,tt0119783,69%
105,NGK,Reliance Entertainment,tt8094252,no_data
106,New Faces,20th Century Studios,tt0044963,no_data
107,Never Wave at a WAC,RKO Pictures,tt0044962,no_data
108,Nervous Ticks,no_data,tt0104984,no_data
109,Nawabzaade,no_data,tt8060624,no_data
110,Navy Secrets,no_data,tt0031715,no_data
111,Narc,Paramount Pictures,tt0272207,7.1/10
112,Nakhuda,Yash Raj Films,tt0341496,no_data
113,My Pal Trigger,Republic Pictures,tt0038764,no_data
114,My Normal,no_data,tt1117983,no_data
115,My Man Godfrey,Universal Pictures,tt0028010,8.5/10
116,My Kid Could Paint That,Sony Pictures Classics,tt0912592,7.8/10
117,My Foolish Heart,September Films,tt5462464,no_data
118,My First Love,no_data,tt0194052,no_data
119,My Father's Guests,UGC,tt1583303,no_data
120,My Dog Stupid,StudioCanal,tt10143498,6.5/10
121,My Best Friend,Wild Bunch,tt0778784,75%
122,Murder with Music,no_data,tt0276344,no_data
123,Mulligans,Netflix,tt1106447,no_data
124,Muklawa,no_data,tt8919396,no_data
125,Mr. Reckless,Paramount Pictures,tt0040616,no_data
126,Mr. Imperium,no_data,tt0043822,no_data
127,More Beautiful for Having Been Broken,no_data,no_data,no_data
128,Moonfire,no_data,tt0066095,no_data
129,Moondance Alexander,Mediaset,tt0828065,no_data
130,Monte Carlo Nights,no_data,tt0025514,no_data
131,Monster,Netflix,tt0340855,7.2/10
132,Money Kings,no_data,tt0131110,no_data
133,Missing,Universal Pictures,tt0084335,7.8/10
134,Minesweeper,Paramount Pictures,tt0036161,no_data
135,Millie,RKO Pictures,tt0022149,no_data
136,Middle Class Melodies,no_data,tt13242960,no_data
137,Merry-Go-Round,MOKÉP,tt0048275,no_data
138,Meet Monica Velour,Netflix,tt1291549,5/10
139,Meet Dr. Christian,RKO Pictures,tt0031635,no_data
140,McLintock!,United Artists Corporation,tt0057298,57%
141,Mayor Cupcake,no_data,tt1496798,no_data
142,Maximum Ride,Paramount Pictures,tt0825283,no_data
143,Masterminds,Columbia Pictures,tt0119630,3.6/10
144,Maserati: A Hundred Years Against All Odds,no_data,tt5542786,no_data
145,Mario,Frenetic Films,tt6999052,6.8/10
146,Mao's Last Dancer,Samuel Goldwyn Films,tt1071812,6.2/10
147,Mane Number 13,no_data,tt13242968,no_data
148,Mandingo,Paramount Pictures,tt0073349,5.6/10
149,Mambo Italiano,Netflix,tt0330602,32%
150,Making a Killing,no_data,tt6116568,no_data
151,Make A Wish,no_data,tt8832928,no_data
152,Majili,no_data,tt8737614,no_data
153,Maidentrip,no_data,tt2555268,no_data
154,Mafia: Chapter 1,no_data,tt10594792,no_data
155,Madame Behave,Producers Distributing Corporation,tt0016064,no_data
156,Luv Ka The End,Y-Films,tt1918927,no_data
157,Love's Kitchen,Screen Media Films,tt1519663,3.5/10
158,Love Simple,no_data,tt1153698,no_data
159,Love Liza,Sony Pictures Motion Picture Group,tt0282698,5.9/10
160,Love Everlasting,no_data,no_data,no_data
161,Louisiana Story,no_data,no_data,no_data
162,Lost Holiday,no_data,no_data,5.3/10
163,Little Sweetheart,no_data,no_data,no_data
164,Little Big Man,National General Pictures,tt0065988,7.9/10
165,Linsanity,Netflix,tt2359427,5.6/10
166,Line of Duty,Hulu,tt1532538,4.1/10
167,Light of My Life,Saban Capital Group,tt6063090,6.8/10
168,Life in Color,no_data,tt4071498,no_data
169,Let's Sing Again,RKO Pictures,tt0027882,no_data
170,Let's Go Collegiate,Monogram Pictures,tt0033827,no_data
171,Legendary,Samuel Goldwyn Films,tt1563704,18%
172,Legend,Universal Pictures,tt0089469,38%
173,LAW,no_data,tt9220746,no_data
174,Late Bloomers,Gaumont Film Company,tt1572502,44%
175,Last Rampage,no_data,tt5833186,6.3/10
176,Lake Effects,no_data,tt1699498,no_data
177,Ladybugs,Paramount Pictures,tt0104670,3.7/10
178,Lady in the Death House,Producers Releasing Corporation,tt0037001,no_data
179,Lady Behave!,Republic Pictures,tt0029102,no_data
180,Ladies in Lavender,no_data,tt0377084,6.1/10
181,Laal Kaptaan,no_data,tt10360496,4.4/10
182,Kshay,no_data,tt1669648,no_data
183,Knockout,SF Studios,tt0195860,no_data
184,Knock Off,TriStar Pictures,tt0120724,3.5/10
185,Knights of Badassdom,Netflix,tt1545660,63%
186,Kesari,Reliance Entertainment,tt6264938,5.1/10
187,Katha Sangama,no_data,tt0214842,no_data
188,Kapatadhaari,no_data,no_data,no_data
189,Kalank,Star Studios,tt6988116,4.5/10
190,Kadaikutty Singam,no_data,tt8023734,no_data
191,Kabadadaari,no_data,no_data,no_data
192,Kaappaan,Studio Green,tt8411144,no_data
193,Just Friends,no_data,tt0107291,no_data
194,Just Charlie,Hulu,tt4838248,no_data
195,Judge Priest,20th Century Studios,tt0025335,no_data
196,Joyride,Netflix,tt0119426,4.5/10
197,Josie & Jack,no_data,tt8789416,6.3/10
198,Joshy,Hulu,tt4661798,6.4/10
199,Joni,World Wide Pictures,tt0080966,no_data
200,Johnny Guitar,Republic Pictures,tt0047136,8.5/10
201,Johnny Frank Garrett's Last Word,no_data,tt2836628,5/10
202,Jessica,United Artists Corporation,tt0056117,no_data
203,Jeffrey,Orion Classics,tt0113464,6.2/10
204,Jayhawkers,no_data,tt2350734,no_data
205,Jaws of Justice,no_data,tt0024192,no_data
206,Jawaan,no_data,tt7208648,no_data
207,Jasper Mall,no_data,no_data,86%
208,Jackie & Ryan,Entertainment One,tt3270108,5.4/10
209,Jack Goes Home,Momentum Pictures,tt4797436,4.6/10
210,Izzie's Way Home,The Asylum,tt5667482,no_data
211,Itzhak,no_data,tt6186232,7.1/10
212,Ittymaani: Made in China,no_data,no_data,no_data
213,Ishqeria,no_data,tt2802062,no_data
214,Ishq,Netflix,tt0133024,no_data
215,Ishaqzaade,Yash Raj Films,tt2308773,no_data
216,Iron Sky,Moviemax,tt1034314,40%
217,Invasion of the Body Snatchers,Monogram Pictures,tt0049366,9.1/10
218,Inside the Law,Producers Releasing Corporation,tt0034898,no_data
219,Inside Llewyn Davis,Vertigo Média,tt2042568,8.5/10
220,Insane,no_data,tt1491603,no_data
221,Infinity Chamber,iTunes,tt3839880,no_data
222,In Enemy Hands,Artisan Entertainment,tt0316824,no_data
223,In Dreams,DreamWorks,tt0120710,4.8/10
224,In a Lonely Place,Columbia Pictures,tt0042593,8.7/10
225,Iddari Lokam Okate,no_data,tt9154602,no_data
226,Ice,no_data,tt0064465,80%
227,I'd Give My Life,no_data,tt0027784,no_data
228,I Cover the Waterfront,United Artists Corporation,tt0024151,no_data
229,I Bury the Living,United Artists Corporation,tt0051755,6.3/10
230,Hyena Road,Elevation Pictures,tt4034452,57%
231,Hud,no_data,tt0091230,no_data
232,House of Sand and Fog,DreamWorks,tt0315983,7.1/10
233,House,Netflix,tt0076162,7.3/10
234,Honeymoon Limited,no_data,tt0026487,no_data
235,Honest Thief,Vertigo Média,tt1838556,5/10
236,Home for the Holidays,Paramount Pictures,tt0113321,6.2/10
237,Home,Netflix,tt1014762,5.1/10
238,Hippi,no_data,tt9251858,no_data
239,Highlander: The Source,Netflix,tt0299981,no_data
240,High Voltage,Pathé Exchange,tt0019983,no_data
241,High Strung,Netflix,tt3451230,75%
242,Hiding Out,De Laurentiis Entertainment Group,tt0093186,4.9/10
243,Hesburgh,no_data,tt8403168,7.1/10
244,Heroes of the Alamo,no_data,tt0133850,no_data
245,Hero,Netflix,tt0299977,8.2/10
246,Here's Flash Casey,no_data,tt0028994,no_data
247,Here We Go Round the Mulberry Bush,United Artists Corporation,tt0063063,no_data
248,Hennessy,American International Pictures,tt0073103,no_data
249,Hello Guru Prema Kosame,no_data,tt8072400,no_data
250,Heidi,Schweizer Fernsehen,tt0044696,no_data
251,Hector and the Search for Happiness,Plaion,tt1626146,38%
252,Hearts in Bondage,no_data,tt0027727,no_data
253,Heartbeats,Netflix,tt1600524,6.9/10
254,Heal,no_data,tt5239942,no_data
255,Hawking,no_data,tt2830416,85%
256,Hate Story 4,T-Series,tt5325684,5/10
257,Harold and Maude,Paramount Pictures,tt0067185,84%
258,Hard Eight,The Samuel Goldwyn Company,tt0119256,6.9/10
259,Hard Candy,Lionsgate,tt0424136,67%
260,Happythankyoumoreplease,Anchor Bay Entertainment,tt1481572,5.3/10
261,Hans Christian Andersen,RKO Pictures,tt0044685,83%
262,Hanover Street,Columbia Pictures,tt0079268,57%
263,Hannie Caulder,Netflix,tt0068675,no_data
264,Hanna's Gold,no_data,no_data,no_data
265,Halston,no_data,tt9358192,6.8/10
266,Guns Don't Argue,no_data,tt0048108,no_data
267,Gubbi Mele Brahmastra,no_data,tt10300674,no_data
268,Greenfingers,Netflix,tt0203540,5.2/10
269,Green is Gold,Netflix,tt5143704,no_data
270,Goyenda Junior,no_data,tt10964190,no_data
271,Goodachari,no_data,tt7758160,no_data
272,Good Intentions,Phase 4 Films,tt1070781,no_data
273,Gold,Netflix,tt2338846,no_data
274,Goin' South,Paramount Pictures,tt0077621,6.6/10
275,Gog,United Artists Corporation,tt0047033,no_data
276,Glitch,no_data,no_data,no_data
277,Gleason,Amazon Studios,tt4632316,7.9/10
278,Girls in Chains,Producers Releasing Corporation,tt0035944,no_data
279,Gimme Danger,no_data,tt1714917,7/10
280,Ghost Team One,no_data,tt2272336,4.2/10
281,Ghawre Bairey Aaj,no_data,no_data,no_data
282,Ghajinikanth,no_data,tt7850980,no_data
283,Get Duked!,no_data,tt9735758,7.1/10
284,Gatling Gun,no_data,tt0064013,no_data
285,Gascoigne,no_data,tt4293752,75%
286,Gangsta,no_data,tt6438030,no_data
287,Gajakesari,no_data,tt3571378,no_data
288,G.I. Blues,Paramount Pictures,tt0053848,0%
289,Frontier Pony Express,Republic Pictures,tt0031347,no_data
290,Frontier Outlaws,Producers Releasing Corporation,tt0036842,no_data
291,Fresh Dressed,Netflix,tt4209900,6.9/10
292,French Biriyani,no_data,no_data,no_data
293,Free Ride,Phase 4 Films,tt1839482,3.9/10
294,Foxtrot Six,no_data,tt8948208,no_data
295,Four,no_data,tt0980999,no_data
296,Forte,no_data,tt9372172,no_data
297,Flowers in the Attic,New World Pictures,tt0093036,3.2/10
298,Flight 666,no_data,tt8239736,no_data
299,Flesh and Bone,Paramount Pictures,tt0106926,6/10
300,Fishbowl,no_data,tt2559130,no_data
301,Finding Grace,no_data,tt7838654,no_data
302,Finally Bhalobasha,no_data,tt8427168,no_data
303,Fighting Caravans,no_data,tt0021861,no_data
304,Fighter,Eskay Movies,tt2876908,no_data
305,Fever Pitch,Metro-Goldwyn-Mayer,tt0089139,14%
306,Feud of the West,Grand National Films Inc.,tt0027614,no_data
307,Fat City,Columbia Pictures,tt0068575,100%
308,Faster,InterCom,tt1433108,5/10
309,Falls Around Her,no_data,tt8314254,6.8/10
310,Falcon Rising,Freestyle Releasing,tt2295722,5.5/10
311,Falaknuma Das,no_data,tt9799984,no_data
312,Faith Based,no_data,tt10260692,6.9/10
313,Fairhaven,Starz Distribution,tt1341718,5.9/10
314,Fahrenheit 11/9,Vudu,tt8632862,7.1/10
315,Explorers,Paramount Pictures,tt0089114,74%
316,ETs Among Us: UFO Witnesses and Whistleblowers,no_data,tt5866386,no_data
317,Escape from the Bronx,New Line Cinema,tt0089104,no_data
318,Escape,Nordisk Film,tt2076850,no_data
319,Equal Means Equal,no_data,tt3250590,75%
320,Ephraim's Rescue,no_data,tt2509298,no_data
321,Enchantment,RKO Pictures,tt0040321,no_data
322,Enai Noki Paayum Thota,Escape Artists Motion Pictures,tt5483626,no_data
323,Emma's Chance,no_data,tt4948040,no_data
324,Elsewhere,no_data,tt0874271,no_data
325,Elephant Song,no_data,tt0109719,no_data
326,Ekaj,no_data,tt4938292,100%
327,Ek Baar Kaho,no_data,tt0340091,no_data
328,Edison,Metro-Goldwyn-Mayer,tt0389957,3/10
329,Edie,Arrow Films,tt3823098,6.1/10
330,Edge of Doom,RKO Pictures,tt0042428,no_data
331,"Easy Come, Easy Go",Paramount Pictures,tt0061610,4.5/10
332,Dwayne Perkins: Take Note,no_data,tt5857874,no_data
333,Drishyam 2,no_data,no_data,no_data
334,Dreaming Out Loud,RKO Pictures,tt0032417,no_data
335,Dragonslayer,Paramount Pictures,tt0082288,85%
336,Dragon Eyes,Netflix,tt1735862,no_data
337,Dr. Heckyl and Mr. Hype,The Cannon Group,tt0080658,no_data
338,Donovan's Reef,Paramount Pictures,tt0057007,50%
339,Doe,no_data,no_data,no_data
340,Dodsworth,United Artists Corporation,tt0027532,90%
341,Doctor Blood's Coffin,United Artists Corporation,tt0054823,no_data
342,Dishonored Lady,United Artists Corporation,tt0039324,no_data
343,Disco Godfather,Netflix,tt0074412,83%
344,Dinosaur Island,Netflix,tt0109627,no_data
345,Digging to China,no_data,tt0118980,4.4/10
346,Diabolique,Netflix,tt0116095,4/10
347,Dhruva,Geetha Arts,tt6027478,no_data
348,Dhoom,Yash Raj Films,tt0422091,no_data
349,Dhadak,Gaana,tt7638344,4.9/10
350,Devil's Whisper,no_data,tt5868924,no_data
351,Decoding Annie Parker,Entertainment One Films,tt1464191,5.4/10
352,Death Ship,Embassy Pictures,tt0080603,33%
353,Dear Comrade,no_data,tt8388508,no_data
354,Dead Trigger,ADS Service,tt5662550,no_data
355,Dead Man Running,Revolver Entertainment,tt1311699,4.1/10
356,Dead Birds,United States of America,tt0059091,no_data
357,Dead & Buried,Embassy Pictures,tt0082242,6.3/10
358,Dawn Rider,no_data,tt2014202,no_data
359,Danny Boy,Producers Releasing Corporation,tt0038451,no_data
360,"Daniel Boone, Trail Blazer",Republic Pictures,tt0049121,no_data
361,Danger Street,Paramount Pictures,tt0039298,no_data
362,Dancing Pirate,RKO Pictures,tt0027496,no_data
363,Dakota,Republic Pictures,tt0037627,no_data
364,Crooked House,Sony Pictures,tt1869347,57%
365,Crips and Bloods: Made in America,no_data,tt0479044,6.7/10
366,Criminally Insane,no_data,tt0072831,no_data
367,Creative Control,Cirko Film,tt3277624,6.2/10
368,Crazy,no_data,tt0215681,no_data
369,Cowboy,Columbia Pictures,tt0051496,75%
370,Courageous Love,Crystal Creek Media,tt3980372,no_data
371,Cosmos,no_data,tt0118889,no_data
372,Corsair,United Artists Corporation,tt0021764,no_data
373,Corporate,Sahara One,tt0488381,no_data
374,Coolie No. 1,Amazon Prime Video,tt10280276,no_data
375,Convention Girl,no_data,tt0026232,no_data
376,Coming Out,DEFA,tt0097095,no_data
377,Come and Get It,United Artists Corporation,tt0027459,7.5/10
378,Coherence,Hulu,tt2866360,7.3/10
379,Cloudburst,Sidney Kimmel Entertainment,tt1466054,100%
380,Clan of the White Lotus,Shaw Brothers Studio,tt0080905,no_data
381,Citizen K,no_data,tt10703826,7.7/10
382,Cider with Rosie,no_data,tt0169685,no_data
383,Christmas Coupon,no_data,tt10165624,no_data
384,Choricha Mamla,no_data,tt11457262,no_data
385,Chocolate City,no_data,tt3481000,4.4/10
386,Chitralahari,no_data,tt9165332,no_data
387,Children of the Corn,no_data,tt12311866,no_data
388,Chicken People,CMT,tt4819510,100%
389,Chick Fight,no_data,tt10944486,5/10
390,Chhalaang,Amazon Prime Video,tt8983164,5.8/10
391,Cheers of the Crowd,no_data,tt0026203,no_data
392,Chasers,Warner Bros.,tt0109403,4.1/10
393,Catch-22,Paramount Pictures,tt0065528,7.2/10
394,Catch Hell,Entertainment One,tt2403558,0%
395,Casey's Shadow,Columbia Pictures,tt0077303,78%
396,Caryl of the Mountains,Reliable Pictures,tt0027425,no_data
397,Carriers,Paramount Vantage,tt0806203,5.8/10
398,Captured in Chinatown,no_data,tt0026177,no_data
399,Captain Scarlett,United Artists Corporation,tt0045605,no_data
400,Captain Calamity,Grand National Films Inc.,tt0027420,no_data
401,Candy,Cinerama Releasing Corporation,tt0062776,6/10
402,Cafe Society,Paramount Pictures,tt0031129,no_data
403,Cabin 28,no_data,tt5457484,no_data
404,C U Soon,Amazon Prime Video,no_data,no_data
405,Bulldog Drummond,United Artists Corporation,tt0019735,no_data
406,Buckskin Frontier,United Artists Corporation,tt0035700,no_data
407,Broken Dreams,Monogram Pictures,tt0023849,no_data
408,Britt-Marie Was Here,Cirko Film,tt8103160,6.4/10
409,Brigham City,no_data,tt0268200,71%
410,Brick Lane,StudioCanal UK,tt0940585,6.2/10
411,Breathing Fire,no_data,tt0101509,no_data
412,Breaking & Exiting,no_data,tt6285672,0%
413,Bravetown,Entertainment One,tt2950052,4.3/10
414,Branded a Coward,no_data,tt0026133,no_data
415,Brad's Status,no_data,tt5884230,6.8/10
416,Boys' Reformatory,Monogram Pictures,tt0031119,no_data
417,Boynton Beach Club,Roadside Attractions,tt0439478,5.9/10
418,Boy of the Streets,no_data,tt0029941,no_data
419,Bowery at Midnight,Monogram Pictures,tt0034546,no_data
420,Boss,Netflix,tt2571140,3.9/10
421,Bornoporichoy,no_data,tt10651188,no_data
422,Boonie Bears: Blast Into the Past,no_data,tt10250750,no_data
423,Blue Thunder,Vudu,tt0085255,78%
424,Blue Steel,Monogram Pictures,tt0024902,no_data
425,Blue Hawaii,Paramount Pictures,tt0054692,29%
426,Blood into Wine,no_data,tt1394383,71%
427,Blood and Lace,American International Pictures,tt0066848,no_data
428,Blonde Comet,Producers Releasing Corporation,tt0033399,no_data
429,Blackout,Capitol Films,tt0844666,no_data
430,Blackmail,Metro-Goldwyn-Mayer,tt0031102,no_data
431,Black Widow,20th Century Studios,tt0090738,50%
432,Black Water,Netflix,tt0816436,5.9/10
433,Black Robe,The Samuel Goldwyn Company,tt0101465,6.8/10
434,Black November,Entertainment One,tt2147225,3.5/10
435,Black Jesus,Netflix,tt0063576,no_data
436,Birdy,TriStar Pictures,tt0086969,83%
437,Billionaire Boys Club,Hulu,tt5179598,3.5/10
438,Bigil,no_data,tt9260636,no_data
439,Big Sur,Netflix,tt1462411,4.5/10
440,Bhoot Chaturdashi,no_data,tt10585038,no_data
441,Bharat,T-Series,tt7721800,5.3/10
442,Beyond the Sky,no_data,tt3665498,no_data
443,Beyond the Edge,Hulu,tt5629524,no_data
444,Beware of Ladies,no_data,tt0027354,no_data
445,Better Luck Tomorrow,Paramount Pictures,tt0280477,7/10
446,Benji,no_data,no_data,no_data
447,Beneath the Darkness,RLJE Films,tt1781775,4%
448,Beneath Hill 60,Paramount Pictures,tt1418646,7.1/10
449,Beneath,Paramount Vantage,tt0467167,no_data
450,Bells of San Angelo,Republic Pictures,tt0039180,no_data
451,Bells of Rosarita,Republic Pictures,tt0037535,no_data
452,Belle and Sebastian,Vertigo Média,tt3146360,6.3/10
453,Behind Green Lights,20th Century Studios,tt0038346,no_data
454,Because We Are Girls,no_data,tt10064448,no_data
455,Because I Love You,Next Entertainment World,tt5836246,no_data
456,Batla House,T-Series,tt8869978,38%
457,Barista,Samuel Goldwyn Films,tt4651932,no_data
458,Badge of Honor,no_data,tt0024858,no_data
459,Bad Kids of Crestview Academy,Momentum Pictures,tt3349578,4.1/10
460,Bad Company,Netflix,tt0112443,4.2/10
461,Bad Asses on the Bayou,20th Century Studios Home Entertainment,tt3525346,no_data
462,Bad Ass,Netflix,tt1928330,20%
463,Backtrack,Saban Capital Group,tt2784936,4.5/10
464,Babysitters Beware,no_data,tt1172997,no_data
465,Baby Cat,no_data,tt0085206,no_data
466,Babru,no_data,tt11247252,no_data
467,Ayogya,Vishal Film Factory,tt9304360,no_data
468,Ava's Possessions,Netflix,tt3727982,69%
469,Ashley,no_data,tt2084093,no_data
470,Aruvi,no_data,tt5867800,no_data
471,Apollo 13,UIP-Dunafilm,tt0112384,8.1/10
472,APEX: The Story of the Hypercar,Netflix,tt4325400,no_data
473,Any Day Now,Music Box Films,tt2066176,6.7/10
474,Antarctica,Kadokawa Pictures,tt0085991,no_data
475,Another Mother's Son,no_data,tt5193790,50%
476,Anna,Netflix,tt0092569,no_data
477,Anita,Disney+,tt15010590,no_data
478,Animal,Netflix,tt0287915,no_data
479,Angrezi Mein Kehte Hain,no_data,tt6613812,no_data
480,Angela's Ashes,Universal Pictures,tt0145653,5.7/10
481,Angel and the Badman,Republic Pictures,tt0039152,6.8/10
482,And So It Goes,Clarius Entertainment,tt2465146,4.2/10
483,An American Carol,Gaiam Vivendi Entertainment,tt1190617,3.3/10
484,Among Us,SF Studios,tt1391142,no_data
485,American Animals,Teodora Film,tt6212478,7.6/10
486,Amateur Night,no_data,tt0001110,no_data
487,Amar Akbar Anthony,Eros International,tt8107464,no_data
488,Amal,Netflix,tt0907674,100%
489,Alphabet City,Netflix,tt0086877,no_data
490,Alley Cat,Film Ventures International,tt0083541,no_data
491,All Roads Lead Home,no_data,tt0050114,no_data
492,All Over Town,no_data,tt0028568,no_data
493,Aida's Secrets,Vudu,tt5706568,no_data
494,Agent Sai Srinivasa Athreya,no_data,tt10214826,no_data
495,After School,no_data,tt0381860,no_data
496,About Alex,Screen Media Films,tt2667918,5.5/10
497,Ablaze,no_data,tt0217979,no_data
498,Abilene Town,United Artists Corporation,tt0038284,no_data
499,Abducted,Vudu,tt2413338,no_data
500,Aadai,no_data,tt8944398,no_data
501,A Year in Champagne,Netflix,tt3544048,no_data
502,A Second Chance,Teodora Film,tt3305316,5.6/10
503,A Rainy Day in New York,Amazon Studios,tt7139936,47%
504,A Place in the Sun,Paramount Pictures,tt0043924,7.5/10
505,A Nun's Curse,no_data,tt8426182,no_data
506,A Mighty Heart,Netflix,tt0829459,7/10
507,A Girl of the Limberlost,no_data,tt0025178,no_data
508,A Girl Like Her,Netflix,tt2523832,65%
509,A Fine Step,Netflix,tt1604100,no_data
510,A Dangerous Man,Paramount Home Entertainment,tt1360767,no_data
511,6-Headed Shark Attack,Vudu,tt8360902,no_data
512,41,no_data,tt1053792,no_data
513,33 & Beyond: The Royal Art of Freemasonry,no_data,tt5265492,no_data
514,306 Hollywood,no_data,tt6296764,6.5/10
515,30 Nights of Paranormal Activity with the Devil Inside the Girl with the Dragon Tattoo,Sony Pictures,tt2417650,no_data
516,3 Magic Words,no_data,tt1820364,no_data
517,23 Blast,Netflix,tt2304459,4.9/10
518,2047 Virtual Revolution,no_data,no_data,no_data
519,102 Not Out,Columbia Pictures,tt6580564,5.5/10
520,You and I,no_data,no_data,no_data
521,Wonder Wheel,Amazon Studios,tt5825380,5/10
522,Wolf Creek 2,Roadshow Home Video,tt2004432,50%
523,The Prince and Me,Paramount Pictures,tt0337697,28%
524,The Limey,Netflix,tt0165854,7.4/10
525,The Lighthouse,Amazon Prime Video,tt7984734,90%
526,The Goldfinch,InterCom,tt3864056,4.6/10
527,The Dressmaker,ADS Service,tt2910904,5.9/10
528,The Cheap Detective,Columbia Pictures,tt0077321,50%
529,The Big Sick,Lionsgate,tt5462602,8.3/10
530,The Adventurer: The Curse of the Midas Box,Netflix,tt1376213,5/10
531,Spun,Netflix,tt0283003,5/10
532,Space Truckers,Netflix,tt0120199,15%
533,Smiley Face Killers,Lionsgate Home Entertainment,tt12757438,44%
534,She's in Portland,no_data,tt7174660,67%
535,Outcast,Paramount Pictures,tt0013476,no_data
536,More Than a Game,Lionsgate,tt1286821,6.4/10
537,Milton's Secret,Momentum Pictures,tt2806390,38%
538,Midnight Crossing,Vestron Pictures,tt0095629,4.5/10
539,Maara,no_data,tt9319874,no_data
540,La Cucaracha,no_data,tt0157913,67%
541,Jay and Silent Bob Reboot,no_data,tt6521876,67%
542,Inside Out,Samuel Goldwyn Films,tt1640486,2.7/10
543,Guns Akimbo,Madman Entertainment,tt6902676,5.9/10
544,Gett: The Trial of Viviane Amsalem,Les films du losange,tt3062880,100%
545,Face the Music,no_data,tt0046784,no_data
546,Exit Speed,Netflix,tt1042497,no_data
547,Drunk Wedding,Hulu,tt1950135,no_data
548,"Don't Worry, He Won't Get Far on Foot",Amazon Studios,tt6288124,6.6/10
549,Clockwatchers,Bertelsmann Music Group,tt0118866,84%
550,A Good Man,Lionsgate,tt3480556,no_data
551,Udaan,Netflix,tt1639426,no_data
552,The Wailing,20th Century Studios,tt5215952,8/10
553,The Beast,Columbia Pictures,tt0094716,no_data
554,Songwriter,TriStar Pictures,tt0088153,no_data
555,Reach for Me,Brainstorm Media,tt1096986,no_data
556,Necessary Roughness,Paramount Pictures,tt0102517,33%
557,Mistaken,no_data,tt2960568,no_data
558,Miss Meadows,Entertainment One Films,tt3128900,4.6/10
559,Meeting Evil,Magnolia Pictures,tt1810697,4/10
560,In the Electric Mist,Netflix,tt0910905,5.9/10
561,Gringo,STX Entertainment,tt3721964,40%
562,Blood Fest,Hulu,tt7208564,5.9/10
563,Bharat Ane Nenu,no_data,tt6980546,no_data
564,Arrest Bulldog Drummond,Paramount Pictures,tt0031054,no_data
565,Ardab Mutiyaran,no_data,tt11122316,no_data
566,April Fool's Day,Stage 6 Films,tt1018817,no_data
567,Anbirkiniyal,no_data,tt14092076,no_data
568,Agathe Cléry,Pathé,tt1068632,no_data
569,Wuthering Heights,United Artists Corporation,tt0032145,8.3/10
570,Wiener-Dog,no_data,tt4144190,74%
571,Walled In,Netflix,tt1104006,no_data
572,Vinaya Vidheya Rama,no_data,tt8361196,no_data
573,Vendetta,Universum Film AG,tt0012796,no_data
574,Until September,Metro-Goldwyn-Mayer,tt0088330,3.3/10
575,Tumhari Sulu,T-Series,tt6791730,no_data
576,Transylvania 6-5000,Netflix,tt0090196,4/10
577,They Call Us Monsters,no_data,tt5730882,83%
578,The VelociPastor,no_data,tt1843303,5.7/10
579,The Taking of Deborah Logan,Netflix,tt3387648,6.4/10
580,The Sheik,Paramount Pictures,tt0012675,no_data
581,The Mountain Minor,no_data,tt10071352,no_data
582,The Man Who Fell to Earth,Netflix,tt0074851,7.7/10
583,The Last Black Man in San Francisco,A24,tt4353250,8.3/10
584,The Island on Bird Street,Netflix,tt0119389,no_data
585,The Intervention,Netflix,tt4872078,78%
586,The Identical,Netflix,tt2326574,3.5/10
587,The Hiding Place,World Wide Pictures,tt0073109,no_data
588,The Busy Little Engine,no_data,tt0807746,no_data
589,The Amazing Mr. Blunden,no_data,no_data,no_data
590,The Adventures of Petey and Friends,no_data,tt5538124,no_data
591,Thank God It's Friday,Columbia Pictures,tt0078382,4.5/10
592,Submergence,Samuel Goldwyn Films,tt3563262,4.3/10
593,Stealing Cars,no_data,tt3353060,no_data
594,Stay Tuned,Warner Bros.,tt0105466,47%
595,Srinivasa Kalyanam,no_data,tt1279240,no_data
596,Spooky House,no_data,tt0160905,no_data
597,Sophie and the Rising Sun,no_data,tt4532818,6.3/10
598,Sonic Christmas Blast,no_data,tt0770807,no_data
599,Smitty,Phase 4 Films,tt1531914,no_data
600,Silent Trigger,Netflix,tt0117653,20%
601,Shubh Mangal Zyada Saavdhan,AA Films,tt10309906,93%
602,Sharkwater Extinction,no_data,tt6026818,100%
603,See You Soon,no_data,tt7216068,4.9/10
604,Second Chances,no_data,tt0175145,no_data
605,Raatchasi,no_data,tt10431010,no_data
606,Putham Pudhu Kaalai,no_data,tt13087958,no_data
607,Promises,Netflix,tt0282864,7.8/10
608,Primal Rage,no_data,tt5688868,no_data
609,Pride,Lionsgate,tt0475355,47%
610,Padi Padi Leche Manasu,no_data,tt8093952,no_data
611,Out of Liberty,no_data,tt9844368,no_data
612,Never Let Go,Netflix,tt0054115,no_data
613,Nat Turner: A Troublesome Property,no_data,tt0354763,no_data
614,My Santa,no_data,no_data,no_data
615,Mitron,no_data,tt8852558,no_data
616,Memorial Day,CBS,tt0085927,no_data
617,Maximum Impact,CineTel Films,tt4921370,no_data
618,Max Reload and the Nether Blasters,no_data,tt7424290,85%
619,Martial Arts of Shaolin,Netflix,tt0091607,no_data
620,Marjaavaan,Pen India Limited,tt9248934,2.8/10
621,Mardaani 2,no_data,tt5668770,no_data
622,Maharshi,Dharma Productions,tt8333978,no_data
623,Madness in the Method,no_data,tt6038042,30%
624,Mad Money,Netflix,tt0951216,4.5/10
625,Low Tide,A24,tt7434324,5.8/10
626,Love Stinks,Columbia Pictures,tt0188863,19%
627,Lost in the Sun,Entertainment One Distribution,tt3593046,20%
628,Little Red Wagon,Phase 4 Films,tt1614430,5.8/10
629,Left Behind: World at War,Sony Pictures Home Entertainment,tt0443567,no_data
630,Kiss the Bride,Netflix,tt0893346,4.2/10
631,Jungle Shuffle,CJ Entertainment,tt2722786,no_data
632,Jacknife,Netflix,tt0097607,5.9/10
633,Jack Frost,Netflix,tt0058374,no_data
634,Jaanu,no_data,tt3044448,no_data
635,Infidelity,no_data,no_data,no_data
636,In Dubious Battle,Momentum Pictures,tt4411618,5.1/10
637,Highway,UTV Motion Pictures,tt2980794,7.6/10
638,Hick,Phase 4 Films,tt1205558,3.1/10
639,Hichki,Yash Raj Films,tt6588966,50%
640,Happy Birthday,Momentum Pictures,tt3620846,no_data
641,Happiness Continues: A Jonas Brothers Concert Film,no_data,tt12179472,no_data
642,Gully Boy,Excel Entertainment,tt2395469,7.3/10
643,Girls Just Want to Have Fun,New World Pictures,tt0089208,38%
644,Gallipoli,Village Roadshow,tt0082432,8/10
645,Fukrey Returns,Star Studios,tt6712014,no_data
646,Falling for Christmas,Netflix,tt14715170,no_data
647,Extracted,Phase 4 Films,tt1757746,no_data
648,Every Little Step,Sony Pictures Classics,tt0977648,7.6/10
649,Evaru,no_data,no_data,no_data
650,Elvis & Nixon,Vidéa,tt2093991,6.5/10
651,Deadlocked,no_data,tt0233535,no_data
652,Dead Space: Aftermath,Electronic Arts,tt1711366,no_data
653,Dead End,Netflix,tt0028773,7.2/10
654,Day of the Falcon,Hulu,tt1701210,4/10
655,Dabangg 3,no_data,tt7059844,3.7/10
656,Cromwell,Columbia Pictures,tt0065593,5.5/10
657,Crazy Kind of Love,Phase 4 Films,tt1946310,no_data
658,Come to Daddy,no_data,tt8816194,86%
659,Children of a Lesser God,Paramount Pictures,tt0090830,7.1/10
660,Cherry Pop,Netflix,tt4807950,no_data
661,Boyfriend Killer,no_data,tt5283754,no_data
662,Bottle Shock,Freestyle Releasing,tt0914797,5.6/10
663,Asuran,no_data,tt10160390,no_data
664,Assault on Wall Street,Phase 4 Films,tt2368553,3.1/10
665,Arrowhead,Paramount Pictures,tt0045518,no_data
666,Arjun Patiala,T-Series,tt7881524,3.6/10
667,American Dreamer,Warner Bros.,tt0086886,4.3/10
668,Afflicted,no_data,no_data,no_data
669,A Thousand Junkies,no_data,tt3482000,no_data
670,A Prince for Christmas,no_data,tt4648986,no_data
671,40 Carats,Columbia Pictures,tt0070068,no_data
672,10 Rillington Place,Columbia Pictures,tt0066730,6.8/10
673,10 Minutes Gone,no_data,tt8809652,2/10
674,Tumbbad,no_data,tt8239946,85%
675,There Is Many Like Us,no_data,tt3317696,no_data
676,The Gravedancers,Netflix,tt0435653,100%
677,The Evil That Men Do,TriStar Pictures,tt0087222,4.5/10
678,The Bang Bang Club,Paramount Pictures,tt1173687,5.8/10
679,The Aeronauts,Amazon Prime Video,tt6141246,6.5/10
680,Stratton,Sky Italia,tt3567666,0%
681,Peterloo,Entertainment One,tt4614612,6.5/10
682,Olympia,no_data,no_data,7.3/10
683,Meet My Valentine,Netflix,tt4255274,no_data
684,Last Summer in the Hamptons,no_data,tt0113612,5.8/10
685,Into His Arms,no_data,tt0165833,no_data
686,House Hunting,no_data,tt1608368,no_data
687,Fist of Fury,no_data,tt0068767,83%
688,Fanney Khan,no_data,tt6384386,no_data
689,X,American International Pictures,tt0057693,88%
690,Wives Under Suspicion,Universal Pictures,tt0030981,no_data
691,We Are Still Here,Netflix,tt3520418,7.2/10
692,The Vanishing,Netflix,tt0108473,5.2/10
693,The Perfect Wedding,no_data,tt2151863,no_data
694,The Glorias,no_data,tt7435316,67%
695,Test,Hulu,tt2407380,6.8/10
696,Streets,New Concorde,tt0100707,no_data
697,Stay,Netflix,tt0371257,4.7/10
698,Skin Deep,Warner Bros.,tt0020415,no_data
699,Seberg,no_data,tt1780967,5.5/10
700,Rudderless,The Samuel Goldwyn Company,tt1798243,6.3/10
701,Nevada City,Republic Pictures,tt0033944,no_data
702,Nemesis,Unione Cinematografica Italiana,tt0188100,no_data
703,Mickey,no_data,tt0009369,no_data
704,Les Misérables,iTunes,tt1707386,6.9/10
705,Killer Sofa,no_data,tt7133754,no_data
706,Joji,no_data,tt13206926,no_data
707,Howl,Fandango,tt1049402,63%
708,Hide Away,no_data,tt1536374,4.9/10
709,Dear God,Paramount Pictures,tt0116059,3.7/10
710,Dawn,Budapest Film,tt0088753,no_data
711,Archive,Vertical Entertainment,tt6882604,7.2/10
712,Action,no_data,tt0078732,no_data
713,Tiger Orange,Wolfe Video,tt2866824,100%
714,The Wall,Roadside Attractions,tt4218696,6/10
715,The Ultimate Life,no_data,tt1778924,18%
716,Suspiria,Amazon Studios,tt1034415,6.9/10
717,New Life,no_data,tt2931140,29%
718,Manhunt: Search for the Night Stalker,no_data,tt0097825,no_data
719,Look Again,no_data,tt2059242,no_data
720,Juncture,no_data,tt0765462,no_data
721,Intruders,Universal Pictures,tt1634121,4.9/10
722,Into the Sun,Netflix,tt0104521,no_data
723,Hostile,no_data,tt5085522,no_data
724,Gulabo Sitabo,no_data,tt10333912,no_data
725,Grimm Love,Netflix,tt0448400,no_data
726,Goldstone,Transmission Films,tt4911996,7.1/10
727,"Eriko, Pretended",no_data,no_data,no_data
728,Dummy,Artisan Entertainment,tt0246592,71%
729,Dark River,Arrow Films,tt5700176,6.5/10
730,City of Shadows,Republic Pictures,tt0047942,no_data
731,A Room Full of Nothing,no_data,tt8906652,no_data
732,Rambo: Last Blood,Vertigo Média,tt1206885,4/10
733,Mummy Dearest,Netflix,tt10183622,no_data
734,Colorz of Rage,no_data,tt0211317,no_data
735,Windows,United Artists Corporation,tt0081759,0%
736,The Star Packer,Monogram Pictures,tt0025830,no_data
737,The Resident,Paramount Pictures,tt1334102,4.6/10
738,The Dark Valley,no_data,tt2650978,33%
739,The Baytown Outlaws,Netflix,tt1836944,4.1/10
740,Sugar Daddies,no_data,tt4329098,no_data
741,Saints and Soldiers: The Void,no_data,tt1270114,no_data
742,No Surrender,no_data,tt0089697,no_data
743,Ninnu Kori,no_data,tt6996016,no_data
744,My Pet Dinosaur,no_data,tt6055082,no_data
745,Milk Money,Paramount Pictures,tt0110516,3.3/10
746,Kickin' It Old Skool,Yari Film Group,tt0772178,2.6/10
747,Hello Charlie,no_data,tt14260080,no_data
748,Grateful Dawg,no_data,tt0265212,6.2/10
749,Frances,Universal Pictures,tt0083967,7.4/10
750,Eden,Netflix,tt3090634,7.3/10
751,Delightfully Dangerous,United Artists Corporation,tt0037636,no_data
752,Death Clique,no_data,tt3509114,no_data
753,Cold War,no_data,tt2186715,no_data
754,Calendar Girl,Columbia Pictures,tt0106505,3.4/10
755,Atlas Shrugged: Part I,Rocky Mountain Pictures,tt0480239,12%
756,All In: The Fight for Democracy,Amazon Prime Video,tt12538822,100%
757,Alex in Wonderland,Metro-Goldwyn-Mayer,tt0065380,no_data
758,Yardie,StudioCanal,tt5862902,5.8/10
759,Time,Mikado Film,tt0497986,7.1/10
760,The Music of Silence,no_data,tt3244786,4.5/10
761,Telephone Operator,no_data,tt0030839,no_data
762,Technotise: Edit & I,Netflix,tt1372301,no_data
763,Status Update,Hulu,tt5692390,4.5/10
764,Dark Was the Night,Image Entertainment,tt2251281,6/10
765,"Come On, Tarzan",no_data,tt0022773,no_data
766,Astitwa,no_data,tt8852364,no_data
767,Ye Re Ye Re Paisa 2,Panorama Studios,tt8983182,no_data
768,Wild Horses,Netflix,tt4442130,4.2/10
769,We Still Say Grace,no_data,tt3408894,no_data
770,Troop Zero,Amazon Studios,tt2404465,6.4/10
771,The Legion,no_data,tt8318284,no_data
772,The Blue Gardenia,Warner Bros.,tt0045564,6.8/10
773,Rio Grande,Republic Pictures,tt0042895,6.8/10
774,Papillon,Netflix,tt0070511,7.6/10
775,Little Secrets,no_data,tt0468834,no_data
776,Lady Bloodfight,no_data,tt4327752,no_data
777,Home Sweet Hell,Vertical Entertainment,tt2802136,3.1/10
778,Hellraiser,Entertainment Film Distributors,tt0093177,6.5/10
779,Heathers,New World Pictures,tt0097493,93%
780,Frankenstein,iTunes,tt0021884,100%
781,Double Dragon,Netflix,tt0106761,3.5/10
782,Dirty,Sony Pictures Home Entertainment,tt0439544,4.4/10
783,Demon House,no_data,tt4130484,4.3/10
784,Boyz 2,no_data,tt8873348,no_data
785,Two Friends,no_data,tt0333373,no_data
786,The Jack In The Box,no_data,no_data,20%
787,The Evening Star,Paramount Pictures,tt0116240,4.8/10
788,Prince Among Slaves,no_data,tt0852992,no_data
789,Pawn Sacrifice,Bleecker Street Cinemas,tt1596345,6.4/10
790,Loaded,GoDigital Media Group,tt0893406,no_data
791,Jathi Ratnalu,no_data,tt11306376,no_data
792,Historias lamentables,Amazon Prime Video,tt11362866,no_data
793,Cycle,Lal,tt1343080,no_data
794,Caught Up,Netflix,tt0119988,4.1/10
795,Bank Alarm,Grand National Films Inc.,tt0028607,no_data
796,Wonderstruck,Amazon Studios,tt5208216,6.7/10
797,We Were Children,no_data,tt1934472,no_data
798,The Loved Ones,Netflix,tt1316536,7.2/10
799,The Fanatic,no_data,tt7869070,16%
800,Stinger,no_data,tt0431418,no_data
801,Redhead,no_data,tt0056429,no_data
802,Never Grow Old,Saban Capital Group,tt1158939,90%
803,Kadaram Kondan,no_data,tt9239882,no_data
804,Gotti,MoviePass,tt1801552,0%
805,Fasten Your Seatbelt,CJ Entertainment,tt3163404,no_data
806,Calls,no_data,tt13967988,no_data
807,Bramma,no_data,no_data,no_data
808,The Reef,Netflix,tt1320291,80%
809,Numb,no_data,tt0202695,no_data
810,Alison,no_data,tt3949952,no_data
811,Two Night Stand,Netflix,tt2140619,38%
812,Trust Me,Nordisk Film,tt1230196,no_data
813,The Priest,no_data,tt1506452,no_data
814,The Pleasure Garden,no_data,tt0016230,no_data
815,Sultan,Yash Raj Films,tt4832640,85%
816,Sounds of Silence,no_data,tt2032533,no_data
817,Overheard 3,no_data,tt3121442,no_data
818,Overheard 2,no_data,tt1852904,no_data
819,Nocturne,RKO Pictures,tt0038782,no_data
820,Nick of Time,Netflix,tt0113972,32%
821,Monsieur Lazhar,Music Box Films,tt2011971,8.2/10
822,Mirugaa,no_data,no_data,no_data
823,"Jeff, Who Lives at Home",Netflix,tt1588334,6.8/10
824,Insanity,no_data,tt4305562,no_data
825,Coimbatore Mappillai,no_data,tt6823220,no_data
826,Bhalobasar Onek Naam,no_data,tt4771706,no_data
827,Beta,no_data,tt0101437,no_data
828,Wander,Saban Capital Group,tt9689696,5.1/10
829,Treasure Inn,no_data,tt1941705,no_data
830,Stranger in the House,no_data,tt0061515,no_data
831,Megaconda,no_data,tt4354312,no_data
832,Jana,no_data,tt1861356,no_data
833,Forget Me Not,Phase 4 Films,tt1147684,no_data
834,The Surface,Entertainment One Films,tt3074578,no_data
835,The Canterville Ghost,Metro-Goldwyn-Mayer,tt0036696,86%
836,Switzerland,no_data,tt0048683,no_data
837,Strangers,Netflix,tt0882967,no_data
838,Souvenir,no_data,tt0111249,no_data
839,Officer,Netflix,tt0265452,no_data
840,Love Life & Pakodi,no_data,no_data,no_data
841,Jade,Paramount Pictures,tt0113451,4.2/10
842,Hollywood North,Franchise Pictures,tt0337640,5.4/10
843,Everybody Changes,no_data,tt10523404,no_data
844,Dosar,no_data,tt0470283,no_data
845,Discarded Lovers,no_data,tt0022821,no_data
846,Confession,Anglo-Amalgamated,tt0049129,no_data
847,Ashby,Paramount Pictures,tt3774466,5.5/10
848,22 Bullets,Netflix,tt1167638,5.2/10
849,Uncle Frank,Amazon Studios,tt11327514,6.9/10
850,Sweet Home Carolina,MarVista Entertainment,tt5319656,no_data
851,Parallel,no_data,tt4922674,no_data
852,Left Behind: The Movie,Netflix,tt0190524,16%
853,Honey Boy,Amazon Studios,tt8151874,7.7/10
854,Chemical Hearts,Amazon Studios,tt5843876,5.7/10
855,7500,Amazon Prime Video,tt6436726,6.5/10
856,Wetbacks,no_data,tt0049946,no_data
857,Secrets,First National,tt0015312,no_data
858,Pataakha,B4U,tt8396128,no_data
859,Ninu Veedani Needanu Nene,no_data,tt9789440,no_data
860,High Noon,United Artists Corporation,tt0044706,95%
861,Enakkoru Magan Pirappan,no_data,tt8947996,no_data
862,Copper Mountain,Netflix,tt0085363,no_data
863,Raabta,T-Series,tt5542802,4.4/10
864,The Klansman,Paramount Pictures,tt0071721,3.7/10
865,Soulmate,Next Entertainment World,tt13086130,no_data
866,Saina,no_data,tt9176086,no_data
867,Nene Raju Nene Mantri,Suresh Productions,tt7249854,no_data
868,Interlude,Columbia Pictures,tt0063136,no_data
869,In the Arms of My Enemy,no_data,tt0814795,no_data
870,Tru Love,no_data,tt2634384,no_data
871,Remember Pearl Harbor,Republic Pictures,tt0035249,no_data
872,Raasi,S. S. Chakravarthy,tt2373648,no_data
873,Address Unknown,Netflix,tt0284815,no_data
874,10.0 Earthquake,Hulu,tt3488056,no_data
875,Wonder Boy for President,no_data,no_data,no_data
876,Urvi,no_data,no_data,no_data
877,The Statement,Netflix,tt0340376,4.7/10
878,The King's Guard,no_data,tt0206075,no_data
879,The Hornet's Nest,Freestyle Releasing,tt2611026,no_data
880,The Brotherhood,Paramount Pictures,tt0062760,67%
881,Spread,Anchor Bay Entertainment,tt1186370,4.2/10
882,Roberrt,no_data,tt10883302,no_data
883,Reversion,no_data,no_data,no_data
884,Naz & Maalik,Wolfe Video,tt3385334,7.3/10
885,Most Wanted,New Line Cinema,tt0119709,15%
886,Late Night,Netflix,tt6107548,6.8/10
887,Jugni,PVR Pictures,tt3453964,no_data
888,How to Steal a Dog,Netflix,tt3812402,no_data
889,Hell House LLC,no_data,tt4267026,6.8/10
890,En Jeevan Paduthu,no_data,tt0319348,no_data
891,Crown Heights,Amazon Studios,tt3268340,6.5/10
892,Compulsion,20th Century Studios,tt0052700,100%
893,Baabul,Netflix,tt0419468,no_data
894,Arishadvarga,no_data,tt5293618,no_data
895,A Night in Old Mexico,no_data,tt2308260,5.2/10
896,Trafficked,no_data,tt1720621,29%
897,Nikka Zaildar 3,no_data,tt9537352,no_data
898,Anonymous,no_data,tt1999091,no_data
899,Adithya Varma,no_data,tt8303612,no_data
900,Wajah Tum Ho,T-Series,tt5638474,no_data
901,Teraa Surroor,T-Series,tt5309720,no_data
902,Simran,T-Series,tt6405126,no_data
903,Sarbjit,T-Series,tt5120640,no_data
904,Respite,no_data,tt1149867,no_data
905,Noor,no_data,tt1836826,no_data
906,Junooniyat,no_data,tt3840534,3.7/10
907,Hindi Medium,T-Series,tt5764096,6.3/10
908,Chef,Netflix,tt2883512,6.8/10
909,Bhoomi,no_data,tt6265988,no_data
910,Angel of Death,no_data,tt1269734,no_data
911,Premonition,Netflix,tt0477071,3.9/10
912,"My Captain, Mr. Underground",no_data,no_data,no_data
913,Mumbai Saga,no_data,tt10483386,no_data
914,Jigsaw,Universal Pictures,tt0063155,no_data
915,A Most Beautiful Thing,no_data,tt11541324,100%
916,The Phantom,Paramount Pictures,tt0117331,5.1/10
917,Survive the Night,Lionsgate,tt10303324,14%
918,Skin,Netflix,tt0964586,6.8/10
919,Mortal,no_data,tt5715066,5.7/10
920,Meteor Moon,no_data,tt13179918,no_data
921,Last Flag Flying,Amazon Studios,tt6018306,7.1/10
922,Intersection,Paramount Pictures,tt0110146,3.6/10
923,Doug Stanhope: Beer Hall Putsch,Netflix,no_data,no_data
924,Bad Samaritan,Electric Entertainment,tt3203528,5.4/10
925,Babu,AVM Productions,tt1435464,no_data
926,Wish You Well,no_data,tt2463302,no_data
927,"Watch Out, We're Mad!",MOKÉP,tt0069697,no_data
928,The Adventures of Mark Twain,Warner Bros.,tt0036582,no_data
929,Spinster,no_data,tt8452136,6.5/10
930,Smiley,20th Century Studios,tt0049771,no_data
931,Manchester by the Sea,InterCom,tt4034228,8.8/10
932,Cornered,RKO Pictures,tt0037615,no_data
933,Behind Closed Doors,no_data,no_data,no_data
934,Vakeel Saab,no_data,tt8269248,no_data
935,Those People,Wolfe Video,tt3899516,5.8/10
936,The Somme,no_data,tt0018426,no_data
937,Rock On,no_data,no_data,no_data
938,Prince of Central Park,Netflix,tt0170452,20%
939,Karwaan,no_data,tt7919680,no_data
940,Doli Saja Ke Rakhna,Shemaroo Entertainment,tt0207415,no_data
941,Diablo,Orion Pictures,tt4076760,3.5/10
942,Confessions of an Action Star,Gaiam Vivendi Entertainment,tt0337887,no_data
943,Big Eden,Wolfe Video,tt0212815,5.9/10
944,Bad Blood,Netflix,tt0082043,no_data
945,Angel,Paramount Pictures,tt0028575,6.9/10
946,Tusks,no_data,tt0100825,no_data
947,Trade Winds,Scalera Film,tt0030888,no_data
948,Theethum Nandrum,no_data,tt14071038,no_data
949,The Wild Blue Yonder,Fandango,tt0443693,6.5/10
950,The Shootist,Titanus,tt0075213,87%
951,The Last Round-Up,no_data,tt0025370,no_data
952,The Crystal Ball,United Artists Corporation,tt0035771,no_data
953,The Big Sombrero,Columbia Pictures,tt0041177,no_data
954,Swargakkunnile Kuriakose,no_data,tt8602760,no_data
955,Stander,Netflix,tt0326208,6.5/10
956,Signs of Life,Netflix,tt0063218,no_data
957,Salmonberries,Netflix,tt0102829,71%
958,Rosalie Goes Shopping,Bayerischer Rundfunk,tt0098224,5.9/10
959,Red Headed Stranger,no_data,tt0091834,no_data
960,Marvin & Tige,no_data,tt0085908,no_data
961,Loaded Pistols,Columbia Pictures,tt0040543,no_data
962,I Met My Love Again,United Artists Corporation,tt0030256,no_data
963,Eternally Yours,United Artists Corporation,tt0031282,no_data
964,Double Edge,no_data,tt0104131,no_data
965,Child's Play,UIP-Dunafilm,tt0094862,6.5/10
966,Blockade,Film Booking Offices of America,tt0018709,no_data
967,Angel Heart,TriStar Pictures,tt0092563,7.2/10
968,An American Rhapsody,Netflix,tt0221799,5.6/10
969,The White Knights,no_data,tt3597510,86%
970,The Grand,Netflix,tt0427998,40%
971,Thartharat,no_data,tt0234872,no_data
972,Tall Tales from the Magical Garden of Antoon Krings,Gebeka Films,tt6314766,no_data
973,Lady Jane,Paramount Pictures,tt0091374,no_data
974,Fortress 2: Re-Entry,Netflix,tt0179183,0%
975,DeepStar Six,TriStar Pictures,tt0097179,3.9/10
976,Dark Tourist,Phase 4 Films,tt1719068,33%
977,Cats,Universal Studios Home Entertainment,tt0173714,20%
978,Brother Nature,no_data,tt4000956,57%
979,100 Days to Live,no_data,no_data,100%
980,The Way Back,Newmarket Films,tt1023114,74%
981,The Groom Wore Spurs,Universal Pictures,tt0043603,no_data
982,The Double,Netflix,tt1646980,4/10
983,Oorantha Anukuntunnaru,no_data,no_data,no_data
984,Kattumarakaran,no_data,tt9015066,no_data
985,Kaalamellam Kaathiruppen,no_data,tt6827136,no_data
986,Hunting and Gathering,Pathé,tt0792965,100%
987,Guava Island,Sony Pictures Motion Picture Group,tt8858104,74%
988,Firefly,no_data,no_data,no_data
989,Creepshow 2,New World Pictures,tt0092796,29%
990,Afternoon Delight,Hulu,tt2312890,66%
991,Voyage to the Planet of Prehistoric Women,no_data,tt0063790,no_data
992,The Woman,no_data,tt0304438,no_data
993,Skate or Die,no_data,tt1124397,no_data
994,Rock the Casbah,Pathé Distribution,tt2524568,no_data
995,On The Edge,no_data,tt0109056,no_data
996,Beautiful,Netflix,tt0210567,16%
997,Trois 2: Pandora's Box,Rainforest Films,tt0285869,no_data
998,The Game,Netflix,tt0119174,7.4/10
999,Tenderness,Netflix,tt0494864,40%
1000,Stagecoach to Denver,no_data,tt0038979,no_data
1001,Positive,no_data,tt0100392,no_data
1002,Pal Joey,Columbia Pictures,tt0050815,6.4/10
1003,I Am Fear,no_data,tt1369571,no_data
1004,Fiddler: A Miracle of Miracles,no_data,tt10003978,7.5/10
1005,Eternity,Pathé,tt3564574,7.3/10
1006,Blowfly Park,no_data,tt3265506,no_data
1007,Ta Ra Rum Pum,Netflix,tt0833553,5.7/10
1008,Shukra,no_data,no_data,no_data
1009,Ruta Madre,no_data,tt4072296,no_data
1010,Maanbumigu Maanavan,no_data,tt6823322,no_data
1011,Golmaal,no_data,no_data,no_data
1012,Garden of Eden,no_data,tt0047012,no_data
1013,Dream Boy,no_data,tt0889595,no_data
1014,Chhoti Bahu,no_data,tt0377636,no_data
1015,Breach,no_data,tt9820556,20%
1016,Bandhan,no_data,tt0149784,no_data
1017,Aparajito,Netflix,tt0048956,95%
1018,Waiting for the Sea,Vertigo Média,tt2522082,no_data
1019,Skin Traffik,Alchemy,tt3120960,no_data
1020,Chasing,no_data,tt11492920,no_data
1021,After You're Gone,Central Partnership,tt6500276,no_data
1022,My Blind Brother,no_data,tt4550420,6.3/10
1023,"Love, Rosie",Lionsgate Films,tt1638002,32%
1024,In Search of Doc Holliday,no_data,tt5213016,no_data
1025,The Ride,no_data,tt0110202,no_data
1026,The Neon Demon,Plaion,tt1974419,6/10
1027,Lionheart,YouTube,tt7707314,100%
1028,Forbidden Secrets,no_data,tt0455447,no_data
1029,Without a Paddle: Nature's Calling,Paramount Famous Productions,tt1276107,no_data
1030,The Quiet Man,Republic Pictures,tt0045061,8/10
1031,The Hunt,Nordisk Film,tt2106476,93%
1032,The Climbers,no_data,tt0017758,no_data
1033,Penelope,Netflix,tt0472160,5.7/10
1034,Nizhal,no_data,tt13298992,no_data
1035,Journey's End,Lionsgate Films,tt3780500,7.5/10
1036,Jiang Ziya,Beijing Enlight Media,tt11177804,83%
1037,Good Newwz,Viacom 18 Motion Pictures,tt8504014,no_data
1038,Broil,no_data,tt8997712,no_data
1039,Love is Blind,no_data,tt0016019,no_data
1040,House of Hummingbird,no_data,tt8951086,100%
1041,Writer,no_data,no_data,no_data
1042,Miracle Dogs,no_data,tt0319865,no_data
1043,Guys and Dolls,Metro-Goldwyn-Mayer,tt0048140,7.7/10
1044,Complete Unknown,no_data,tt4230700,5.7/10
1045,American Visa,no_data,tt0471565,no_data
1046,Wintergast,no_data,tt4324464,no_data
1047,The Rest of Us,no_data,tt8584722,7.3/10
1048,Secret Voices,no_data,tt11560260,no_data
1049,Savitri,no_data,tt0029518,no_data
1050,Rupaye Dus Karod,no_data,tt0363967,no_data
1051,Pulanaivu,no_data,no_data,no_data
1052,Poor Liza,no_data,tt0249086,no_data
1053,Out of Time,no_data,tt1127212,no_data
1054,Mitwaa,no_data,tt4471622,no_data
1055,Lost in Thailand,no_data,tt2459022,5.8/10
1056,Gintama,Warner Bros.,tt5805470,no_data
1057,Darken,no_data,tt6472742,no_data
1058,College,United Artists Corporation,tt0017765,no_data
1059,Classmates,First National,tt0014779,no_data
1060,Wildcat,Paramount Pictures,tt0035562,no_data
1061,Teenage Wasteland,no_data,tt0776807,no_data
1062,Maze,Here Media,tt0246072,39%
1063,Karnan,no_data,tt0250462,no_data
1064,Jawker Dhan,no_data,tt7099142,no_data
1065,House Arrest,Metro-Goldwyn-Mayer,tt0116571,10%
1066,For the Emperor,Next Entertainment World,tt4136696,no_data
1067,Don't Wake Mommy,MarVista Entertainment,tt4304830,no_data
1068,BLACKFOX: Age of the Ninja,no_data,no_data,no_data
1069,Baba Keno Chakar,no_data,tt4249544,no_data
1070,100 Streets,Samuel Goldwyn Films,tt2990126,41%
1071,The Farewell,ADS Service,tt8637428,8.5/10
1072,The Curse of Sleeping Beauty,XLrator Media,tt4118606,15%
1073,The Blackout,Netflix,tt0118734,0%
1074,Suicide Note,Netflix,tt3954288,no_data
1075,Mikey,no_data,tt0104870,20%
1076,Midsommar,ADS Service,tt8772262,7.6/10
1077,M.F.A.,MPI Media Group,tt5091530,6.8/10
1078,I'm Your Woman,no_data,tt10243992,6.9/10
1079,Forgotten Ellis Island,no_data,tt1226227,no_data
1080,Floating City,no_data,tt2387469,no_data
1081,Ceasefire,no_data,tt1298628,no_data
1082,Blackbird,RLJE Films,tt3181920,40%
1083,Valley of the Gods,no_data,tt4523530,no_data
1084,One Step Behind the Seraphim,no_data,tt5335314,no_data
1085,I Am Not Madame Bovary,Huayi Brothers,tt5918090,83%
1086,What the Waters Left Behind,no_data,tt6332764,no_data
1087,The Naked Truth,Netflix,tt0050749,no_data
1088,The Attorney,Next Entertainment World,tt3404140,7.6/10
1089,Terminal Exposure,no_data,tt0094122,no_data
1090,Saathiya,Kaleidoscope Entertainment,tt0330843,no_data
1091,Rendez-vous,Netflix,tt0089902,no_data
1092,Rakhwala,Venus Records,tt7181484,no_data
1093,Permission,no_data,tt5390066,67%
1094,Paper Moon,Paramount Pictures,tt0070510,93%
1095,Leave No Trace,Netflix,tt3892172,100%
1096,Hansel and Gretel,Netflix,tt1002567,no_data
1097,Glitch!,no_data,tt0095222,no_data
1098,Enter the Dangerous Mind,Netflix,tt2229377,3.3/10
1099,Rajkumar,no_data,tt0314557,no_data
1100,Ninja Academy,no_data,tt0100265,no_data
1101,Mango Dreams,no_data,tt5069158,no_data
1102,Goko Mako,no_data,no_data,no_data
1103,Flying Tigers,Vudu,tt0034742,no_data
1104,Drug War,Media Asia Entertainment Group,tt2165735,88
1105,Counter Investigation,no_data,tt0205841,no_data
1106,Akron,Hulu,tt3544014,no_data
1107,Sandeep Aur Pinky Faraar,Yash Raj Films,tt7094488,no_data
1108,Mohan Kumar Fans,no_data,no_data,no_data
1109,Antardwand,PVR Pictures,tt1722425,no_data
1110,An Inconvenient Truth,Netflix,tt0497116,93%
1111,Yeh Dillagi,Yash Raj Films,tt0111793,no_data
1112,Velaiilla Pattadhari 2,Wunderbar Films,tt7019812,no_data
1113,Tubelight,Salman Khan ji,tt5882970,5/10
1114,Theri,no_data,tt5440700,no_data
1115,Tashan,Netflix,tt0995752,7.3/10
1116,Sketch,no_data,tt1102330,no_data
1117,Silsila,Yash Raj Films,tt0083081,no_data
1118,Salaam Namaste,Netflix,tt0456165,no_data
1119,Raju Gari Gadhi 2,no_data,tt6280328,no_data
1120,Raja The Great,no_data,tt7322850,no_data
1121,Rab Ne Bana Di Jodi,Netflix,tt1182937,no_data
1122,Pudhu Nellu Pudhu Naathu,no_data,tt0155976,no_data
1123,Ponmagal Vandhal,no_data,tt10692888,no_data
1124,Noorie,no_data,tt0309926,no_data
1125,Nishabdham,no_data,tt9605894,no_data
1126,Newton,Eros International,tt6484982,7.8/10
1127,Mujhse Fraaandship Karoge,no_data,tt2057441,no_data
1128,Meri Pyaari Bindu,Yash Raj Films,tt5472374,5.4/10
1129,Mere Brother Ki Dulhan,Yash Raj Films,tt1740710,5/10
1130,Mashaal,Netflix,tt0085912,no_data
1131,Mardaani,no_data,tt3495000,5.7/10
1132,Maanagaram,no_data,tt5559528,no_data
1133,Lamhe,Yash Raj Films,tt0102258,no_data
1134,Kill Dil,Yash Raj Films,tt3380264,5/10
1135,Kabul Express,Netflix,tt0770214,no_data
1136,Kabali,Gemini Film Circuit,tt5071886,5.7/10
1137,Joker,Warner Bros.,tt7286456,7.3/10
1138,Jab Tak Hai Jaan,Netflix,tt2176013,89%
1139,Hum Tum,Yash Raj Films,tt0378072,no_data
1140,Hara Hara Mahadevaki,K. E. Gnanavel Raja,tt7088096,no_data
1141,Halal Love Story,no_data,tt11112338,no_data
1142,George Reddy,no_data,tt11189056,no_data
1143,Fanaa,Netflix,tt0439662,no_data
1144,Fan,no_data,no_data,no_data
1145,Dilwale Dulhania Le Jayenge,Yash Raj Films,tt0112870,no_data
1146,Darr,Netflix,tt0109555,no_data
1147,Daag,Yash Raj Films,tt0150251,no_data
1148,Chandni,Yash Raj Films,tt0097045,no_data
1149,Begum Jaan,Shree Venkatesh Films,tt5785116,4.6/10
1150,Befikre,Yash Raj Films,tt5108476,5.3/10
1151,Band Baaja Baaraat,Yash Raj Films,tt1610452,no_data
1152,Badrinath Ki Dulhania,Star Studios,tt6277440,6.4/10
1153,Bachna Ae Haseeno,Yash Raj Films,tt1182972,no_data
1154,Ae Dil Hai Mushkil,Star Studios,tt4559006,50%
1155,Aamhi Doghi,no_data,tt7748478,no_data
1156,Aaja Nachle,Yash Raj Films,tt0986213,7.5/10
1157,Aaina,no_data,tt0106203,no_data
1158,Vivarium,no_data,tt8368406,6.6/10
1159,The Planters,no_data,tt5659996,no_data
1160,The Perfect Score,Paramount Pictures,tt0314498,16%
1161,The Lost City of Z,Amazon Studios,tt1212428,7.3/10
1162,Sunset Boulevard,Paramount Pictures,tt0043014,9.3/10
1163,Musclecar,no_data,tt7680690,no_data
1164,Herself,no_data,tt9902160,93%
1165,Who's Your Caddy?,Netflix,tt0785077,2.7/10
1166,Thaen,no_data,tt14095634,no_data
1167,Taqdeerwala,no_data,tt0114615,no_data
1168,Rage,Warner Bros.,tt0069158,no_data
1169,Luckunnodu,no_data,tt6237548,no_data
1170,Dancing Ninja,no_data,tt1294141,no_data
1171,Bokya Satbande,no_data,tt2497024,no_data
1172,Asterix at the Olympic Games,Netflix,tt0463872,no_data
1173,Nobody,Netflix,tt0203027,no_data
1174,Gang,no_data,tt0116391,no_data
1175,Wonder Man,RKO Pictures,tt0038260,100%
1176,Trishna,Curzon Artificial Eye,tt1836987,63%
1177,Soul Assassin,Columbia Pictures,tt0271200,no_data
1178,Sidekick,no_data,tt0410603,100%
1179,No Exit,Hulu,tt7550014,no_data
1180,Love Contractually,no_data,tt6518634,no_data
1181,Hum Aapke Dil Mein Rehte Hain,Netflix,tt0189592,no_data
1182,Hot Money,no_data,tt0027761,no_data
1183,We All Think We're Special,no_data,tt10849722,no_data
1184,Savage Island,no_data,tt0089964,no_data
1185,Nice Package,no_data,tt2767366,no_data
1186,Monarch,Fremantle,tt0264916,no_data
1187,Gopi,no_data,tt0141135,no_data
1188,Ek Mini Katha,no_data,tt14252742,no_data
1189,Dream Girl,Rajshree,tt1431238,no_data
1190,The Tracker,Umbrella Entertainment,tt0212132,7.1/10
1191,Thavam,no_data,tt4446738,no_data
1192,Sunstroke,no_data,tt4119030,no_data
1193,Kadhalukku Mariyadhai,Viswanathan Ravichandran,tt0316078,no_data
1194,Dheena,no_data,tt0807944,no_data
1195,White Fire,Netflix,tt0088359,no_data
1196,Triassic Hunt,no_data,tt13399406,no_data
1197,The Teacher,BAC Films,tt6481478,no_data
1198,Kasak,no_data,tt0470398,no_data
1199,Joe & Joe,Netflix,tt0116706,no_data
1200,Abhijan,no_data,tt0055724,no_data
1201,This World Won't Break,no_data,tt9590954,no_data
1202,Changeland,Gravitas Ventures,tt6612946,6.5/10
1203,Touch,United Artists Corporation,tt0120357,5.1/10
1204,Timelock,no_data,tt0117915,no_data
1205,The Connection,Medusa Film,tt2935564,6.5/10
1206,Second Life,Cinemas NOS,tt1285248,no_data
1207,One Night,Netflix,tt4126694,6.1/10
1208,My Brother's Keeper,General Film Distributors,tt0040624,no_data
1209,Mule Train,Columbia Pictures,tt0042761,no_data
1210,Ladies vs Ricky Bahl,Yash Raj Films,tt1954598,67%
1211,Hard to Get,Warner Bros.,tt0030214,no_data
1212,Eat Your Heart Out,no_data,tt0119042,no_data
1213,Dickie Roberts: Former Child Star,Paramount Pictures,tt0325258,4.5/10
1214,Critical Condition,Paramount Pictures,tt0092798,no_data
1215,Cow Town,Columbia Pictures,tt0042349,no_data
1216,Cass,Netflix,tt0954981,no_data
1217,Victoria,no_data,tt1479401,no_data
1218,Thodi Thodi Si Manmaaniyan,no_data,tt4695016,no_data
1219,The Last Lullaby,Netflix,tt0938706,no_data
1220,Stormswept,Film Booking Offices of America,tt0014512,no_data
1221,Safe House,UIP-Dunafilm,tt1599348,5.7/10
1222,Infected,no_data,tt1622991,no_data
1223,Indha Nilai Maarum,no_data,tt10650778,no_data
1224,I Do,Netflix,tt0478724,5/10
1225,Deadly Passion,no_data,tt0088999,no_data
1226,Mixed Up,no_data,tt0005758,no_data
1227,What Happens Next,no_data,tt1635659,no_data
1228,Unpaused,no_data,tt13491620,no_data
1229,Unfinished Sky,no_data,tt0838231,89%
1230,Twilight,Paramount Pictures,tt0119594,6.1/10
1231,The Ultimate Gift,20th Century Studios,tt0482629,33%
1232,The Only Living Boy in New York,no_data,tt0460890,33%
1233,The Manster,United Artists Corporation,tt0055139,no_data
1234,Temptation,Paramount Pictures,tt0006140,no_data
1235,Split Second,RKO Pictures,tt0046353,no_data
1236,Night Hunter,no_data,tt0113981,no_data
1237,Manhattan Night,Netflix,tt3100274,4.8/10
1238,Making Babies,no_data,tt0268346,no_data
1239,Maaya,no_data,tt0232067,no_data
1240,Last Call,Paramount Pictures,tt0099982,no_data
1241,Heartburn,Paramount Pictures,tt0091188,5.5/10
1242,Gamera the Brave,Shochiku,tt0467923,no_data
1243,Gamera 3: Revenge of Iris,Toho,tt0184503,no_data
1244,Father of Invention,Anchor Bay Entertainment,tt1381505,0%
1245,"Dark, Almost Night",no_data,tt7790894,no_data
1246,Adavi,no_data,tt11355282,no_data
1247,Absolutely Anything,Lionsgate Films,tt1727770,18%
1248,Unishe April,no_data,tt0111559,no_data
1249,Two Step,no_data,tt3288948,100%
1250,The Host,"SHOWBOX Co., Ltd.",tt0468492,93%
1251,Mixed Up,no_data,tt0005758,no_data
1252,Macbeth,Columbia Pictures,tt0067372,7.9/10
1253,Apparition,no_data,tt2959536,no_data
1254,You Were Never Really Here,Amazon Studios,tt5742374,8.2/10
1255,The Lie,Amazon Prime Video,tt7945440,5.1/10
1256,Sylvie's Love,no_data,tt9827834,7.3/10
1257,One Night in Miami...,no_data,tt10612922,8.3/10
1258,My Spy,STX Entertainment,tt8242084,5.4/10
1259,Love Games,no_data,tt0078267,no_data
1260,Knives Out,Lionsgate Films,tt8946378,8.3/10
1261,I See You,no_data,tt4397522,no_data
1262,Final Score,GMM Grammy,tt0975668,no_data
1263,Eagle Eye,Netflix,tt1059786,26%
1264,Borat Subsequent Moviefilm,Amazon Prime Video,tt13143964,85%
1265,Black Box,StudioCanal,tt10341034,no_data
1266,Beautiful Boy,Mozinet,tt1226837,6.5/10
1267,An Inspector Calls,Netflix,tt4296186,no_data
1268,Accident,Netflix,tt0061328,no_data
1269,A Vigilante,Saban Capital Group,tt6211976,6.8/10
1270,47 Meters Down: Uncaged,Entertainment Studios,tt7329656,4.7/10
1271,The Secret: Dare to Dream,no_data,tt4411584,4.6/10
1272,The Hidden Truth,no_data,tt0190451,no_data
1273,Patang,no_data,tt0110794,no_data
1274,Jappeloup,Pathé,tt2018079,no_data
1275,Sahasam,no_data,tt2905768,no_data
1276,Koi Jaane Na,no_data,tt13989310,no_data
1277,Kabullywood,no_data,tt3705668,no_data
1278,Gamera: Super Monster,Daiei Film,tt0081675,no_data
1279,Gamera vs. Zigra,Dainichi Eihai,tt0067123,no_data
1280,Gamera vs. Viras,Netflix,tt0063000,no_data
1281,Gamera vs. Jiger,Netflix,tt0065755,no_data
1282,Gamera vs. Gyaos,Daiei Film,tt0061695,no_data
1283,Gamera vs. Guiron,Netflix,tt0064360,no_data
1284,Gamera vs. Barugon,Daiei Film,tt0060446,no_data
1285,Full Strike,no_data,tt3730518,no_data
1286,Evil Eye,no_data,tt0071471,no_data
1287,Devil's Island,Netflix,tt0116116,no_data
1288,Son of the South,no_data,tt2235372,5.7/10
1289,Payback,Zeitgeist Films,tt1430625,73%
1290,Me Without You,Netflix,tt0263725,67%
1291,Emmet Otter's Jug-Band Christmas,no_data,no_data,no_data
1292,Wildflower,no_data,tt4246856,no_data
1293,Trouble at Timpetill,Netflix,tt0953382,no_data
1294,The Perfect Game,Image Entertainment,tt0473102,57%
1295,The Map of Tiny Perfect Things,Amazon Studios,tt11080108,6.6/10
1296,The Handmaiden,CJ Entertainment,tt4016934,8.3/10
1297,The Booksellers,no_data,tt9355194,90%
1298,Stonewall,Roadside Attractions,tt3018070,3.7/10
1299,Sound of Metal,Vertigo Média,tt5363618,8.2/10
1300,Razia Sultan,no_data,tt0152148,no_data
1301,Pachchis,no_data,tt14311942,no_data
1302,Other Voices,no_data,tt0064773,no_data
1303,Nagina,no_data,tt0091601,no_data
1304,Monsieur Papa,Netflix,tt1692214,no_data
1305,Mere Jeevan Saathi,no_data,tt0068938,no_data
1306,Jungle,no_data,tt0251756,no_data
1307,Jhoom Barabar Jhoom,Yash Raj Films,tt0833476,no_data
1308,Highlander,Netflix,tt0091203,6.3/10
1309,Helena,Bavaria Film,tt0133848,no_data
1310,Duniyadari,no_data,tt3121604,no_data
1311,Come Out Fighting,no_data,tt0069907,no_data
1312,Cleo,no_data,tt7933442,no_data
1313,Cannibal Troll,no_data,tt12176546,no_data
1314,Aashiqui,Vishesh Films,tt0149573,no_data
1315,3rd Class,no_data,tt11515380,no_data
1316,Werewolf,no_data,tt0118137,no_data
1317,The Most Fun You Can Have Dying,no_data,tt1866269,no_data
1318,The Heiress,Paramount Pictures,tt0041452,100%
1319,The Funeral Home,no_data,no_data,6.4/10
1320,Sacrilege,no_data,no_data,no_data
1321,Ruben Guthrie,no_data,tt4018492,5.5/10
1322,Reunion,20th Century Studios,tt0028173,no_data
1323,Perfect Strangers,Netflix,tt11112784,no_data
1324,New York,20th Century Studios,tt1328634,6.4/10
1325,Khokababu,Eskay Movies,tt2838554,no_data
1326,Jean of the Joneses,no_data,tt4938050,75%
1327,All the Little Animals,Netflix,tt0120584,5.3/10
1328,Narbachi Wadi,no_data,tt3410654,no_data
1329,Fanboys,Netflix,tt0489049,32%
1330,Death by a Thousand Cuts,no_data,tt5580250,no_data
