,title,director,gender
0,Ganglands,no_data,no_data
1,Midnight Mass,Mike Flanagan,male
2,The Great British Baking Show,no_data,no_data
3,The Smart Money Woman,no_data,no_data
4,King of Boys: The Return of the King,Kemi Adetiba,female
5,Valeria,Nely Reguera,female
6,I Need Romance,no_data,no_data
7,Navarasa,no_data,no_data
8,Office Girls,no_data,no_data
9,The Flash,David Nutter,male
10,The Mire,Jan Holoubek,male
11,Masameer County,no_data,no_data
12,Ray,no_data,no_data
13,Ganglands,no_data,no_data
14,Midnight Mass,Mike Flanagan,male
15,The Great British Baking Show,no_data,no_data
16,The Smart Money Woman,no_data,no_data
17,King of Boys: The Return of the King,Kemi Adetiba,female
18,Valeria,Nely Reguera,female
19,I Need Romance,no_data,no_data
20,Navarasa,no_data,no_data
21,Office Girls,no_data,no_data
22,The Flash,David Nutter,male
23,The Mire,Jan Holoubek,male
24,Masameer County,no_data,no_data
25,Ray,no_data,no_data
26,Riverdale,no_data,no_data
27,The Rational Life,no_data,no_data
28,Let's Eat,no_data,no_data
29,The American Bible Challenge,no_data,no_data
30,Feel Good,no_data,no_data
31,Word of Honor,no_data,no_data
32,The Mystic River,no_data,no_data
33,The Innocent,Oriol Paulo,male
34,Let's Fight Ghost,Kongkiat Khomsiri,male
35,The Underclass,no_data,no_data
36,Last Tango in Halifax,no_data,no_data
37,Anitta: Made In Honório,no_data,no_data
38,Detention,no_data,no_data
39,Before 30,no_data,no_data
40,A Queen Is Born,no_data,no_data
41,The Devil Punisher,no_data,no_data
42,Call the Midwife,no_data,no_data
43,Julie and the Phantoms,no_data,no_data
44,Goedam,no_data,no_data
45,The Twelve,no_data,no_data
46,Supernatural,no_data,no_data
47,Supergirl,no_data,no_data
48,Trailer Park Boys: The Animated Series,no_data,no_data
49,The Eddy,Damien Chazelle,male
50,Almost Happy,no_data,no_data
51,The Victims' Game,no_data,no_data
52,The Trial,Stefano Lodovichi,male
53,Kingdom,Kim Seong-hun,male
54,Velvet,David Pinillos,male
55,Sleepless Society: Insomnia,no_data,no_data
56,Arrow,no_data,no_data
57,The Ghost Bride,no_data,no_data
58,Jamtara - Sabka Number Ayega,no_data,no_data
59,You,no_data,no_data
60,The Chosen One,no_data,no_data
61,Nowhere Man,Chen Yin-Jung,female
62,Cheese in the Trap,no_data,no_data
63,Gotham,no_data,no_data
64,Criminal: Spain,no_data,no_data
65,Sacred Games,Anurag Kashyap,male
66,Til Death Do Us Part,no_data,no_data
67,The Family,Franc Roddam,male
68,Reply 1994,Shin Won-ho,male
69,Reply 1997,no_data,no_data
70,Bolívar,no_data,no_data
71,Crime Diaries: Night Out,no_data,no_data
72,Hjørdis,Lars Kaalund,male
73,Watership Down,no_data,no_data
74,Pine Gap,no_data,no_data
75,Age of Rebellion,no_data,no_data
76,Take My Brother Away,no_data,no_data
77,Mr. Sunshine,John Rich,male
78,Bobby Kennedy for President,Dawn Porter,female
79,James Acaster: Repertoire,no_data,no_data
80,Godzilla,Ray Patterson,male
81,Myths & Monsters,no_data,no_data
82,Degrassi: Next Class,no_data,no_data
83,Man to Man,no_data,no_data
84,Hoff the Record,no_data,no_data
85,Merlin,Stéphane Kappes,male
86,Hemlock Grove,no_data,no_data
87,Bitter Daisies,no_data,no_data
88,Father Brown,no_data,no_data
89,Frozen Planet,Alastair Fothergill,male
90,Jack Taylor,no_data,no_data
91,Jonathan Strange & Mr Norrell,no_data,no_data
92,La Viuda Negra,no_data,no_data
93,Lego Friends: Girls on a Mission,no_data,no_data
94,London Spy,Jakob Verbruggen,male
95,Mars,Everardo Gout,male
96,Royal Pains,no_data,no_data
97,The Fear,no_data,no_data
98,The Five,no_data,no_data
99,Toast of London,Michael Cumming,male
100,London Spy,Jakob Verbruggen,male
101,Mars,Everardo Gout,male
102,Royal Pains,no_data,no_data
103,The Fear,no_data,no_data
104,The Five,no_data,no_data
105,Toast of London,Michael Cumming,male
